seed,pair,resident,A,B,method,resident_checkpoint,rho,omega,baseline_forgetting,protected_forgetting,protection_gain,plasticity_cost,B_ft,B_method,A_before,raw_probe_error,grad_cosine,activation_covariance_similarity,one_step_loss_change,resident_loss_pre_step,resident_loss_post_step,forgetting,A_after,B_after,B_reference,coexistence
1,c10_01->c10_23,A_only,c10_01,c10_23,ewc_dr,./checkpoints/resident_bank_c10_seed1/00_c10_01.pt,0.1921096601704532,0.8078903398295467,0.2975000000000001,0.02750000000000008,0.27,-0.006500000000000061,0.825,0.8315,0.933,0.3358974358974359,-0.0389361605048179,0.9802178740501404,0.0038874745368957,0.735406219959259,0.7392936944961548,0.2975000000000001,0.6355,0.825,0.802,0
1,c10_01->c10_23,A_only,c10_01,c10_23,derpp,./checkpoints/resident_bank_c10_seed1/00_c10_01.pt,0.1921096601704532,0.8078903398295467,0.2975000000000001,0.045500000000000096,0.252,-0.03950000000000009,0.825,0.8645,0.933,0.3358974358974359,-0.0389361605048179,0.9802178740501404,0.0038874745368957,0.735406219959259,0.7392936944961548,0.2975000000000001,0.6355,0.825,0.802,0
1,c10_01->c10_45,A_only,c10_01,c10_45,ewc_dr,./checkpoints/resident_bank_c10_seed1/00_c10_01.pt,0.2476686452220947,0.7523313547779052,0.38250000000000006,0.012500000000000067,0.37,-0.0050000000000000044,0.893,0.898,0.933,0.2854449472096532,-0.077967919409275,0.9625340104103088,0.0013573765754699,0.735406219959259,0.736763596534729,0.3825,0.5505,0.893,0.8785,0
1,c10_01->c10_45,A_only,c10_01,c10_45,derpp,./checkpoints/resident_bank_c10_seed1/00_c10_01.pt,0.2476686452220947,0.7523313547779052,0.38250000000000006,0.1050000000000001,0.27749999999999997,-0.015499999999999958,0.893,0.9085,0.933,0.2854449472096532,-0.077967919409275,0.9625340104103088,0.0013573765754699,0.735406219959259,0.736763596534729,0.3825,0.5505,0.893,0.8785,0
1,c10_01->c10_67,A_only,c10_01,c10_67,ewc_dr,./checkpoints/resident_bank_c10_seed1/00_c10_01.pt,0.2516187893366961,0.7483812106633039,0.30400000000000005,0.014500000000000068,0.2895,-0.0014999999999999458,0.9575,0.959,0.933,0.2814479638009051,0.0502855740487575,0.9205328226089478,0.0037046670913696,0.735406219959259,0.7391108870506287,0.304,0.629,0.9575,0.9535,0
1,c10_01->c10_67,A_only,c10_01,c10_67,derpp,./checkpoints/resident_bank_c10_seed1/00_c10_01.pt,0.2516187893366961,0.7483812106633039,0.30400000000000005,0.09450000000000003,0.20950000000000002,-0.0050000000000000044,0.9575,0.9625,0.933,0.2814479638009051,0.0502855740487575,0.9205328226089478,0.0037046670913696,0.735406219959259,0.7391108870506287,0.304,0.629,0.9575,0.9535,0
1,c10_01->c10_89,A_only,c10_01,c10_89,ewc_dr,./checkpoints/resident_bank_c10_seed1/00_c10_01.pt,0.331231565147755,0.668768434852245,0.1170000000000001,0.03850000000000009,0.07850000000000001,0.0020000000000000018,0.95,0.948,0.933,0.2147058823529413,0.040286973118782,0.9829040765762328,0.0066813826560974,0.735406219959259,0.7420876026153564,0.1170000000000001,0.816,0.95,0.8995,0
1,c10_01->c10_89,A_only,c10_01,c10_89,derpp,./checkpoints/resident_bank_c10_seed1/00_c10_01.pt,0.331231565147755,0.668768434852245,0.1170000000000001,0.0645,0.0525000000000001,-0.013500000000000068,0.95,0.9635,0.933,0.2147058823529413,0.040286973118782,0.9829040765762328,0.0066813826560974,0.735406219959259,0.7420876026153564,0.1170000000000001,0.816,0.95,0.8995,0
1,c10_23->c10_01,A_only,c10_23,c10_01,ewc_dr,./checkpoints/resident_bank_c10_seed1/01_c10_23.pt,0.3235124572976994,0.6764875427023006,0.1975,0.05900000000000005,0.13849999999999996,-0.010000000000000009,0.943,0.953,0.802,0.2226244343891401,-0.0166051983833313,0.1300777196884155,0.0047278404235839,1.6416295766830444,1.6463574171066284,0.1975,0.6045,0.943,0.933,0
1,c10_23->c10_01,A_only,c10_23,c10_01,derpp,./checkpoints/resident_bank_c10_seed1/01_c10_23.pt,0.3235124572976994,0.6764875427023006,0.1975,0.12050000000000005,0.07699999999999996,-0.01650000000000007,0.943,0.9595,0.802,0.2226244343891401,-0.0166051983833313,0.1300777196884155,0.0047278404235839,1.6416295766830444,1.6463574171066284,0.1975,0.6045,0.943,0.933,0
1,c10_23->c10_45,A_only,c10_23,c10_45,ewc_dr,./checkpoints/resident_bank_c10_seed1/01_c10_23.pt,0.2404748511361688,0.7595251488638312,0.14100000000000001,0.08450000000000002,0.056499999999999995,0.013000000000000012,0.896,0.883,0.802,0.2812217194570134,-0.0870252773165702,0.9957396984100342,0.0026283264160156,1.6416295766830444,1.64425790309906,0.141,0.661,0.896,0.8785,0
1,c10_23->c10_45,A_only,c10_23,c10_45,derpp,./checkpoints/resident_bank_c10_seed1/01_c10_23.pt,0.2404748511361688,0.7595251488638312,0.14100000000000001,0.08900000000000008,0.051999999999999935,0.008000000000000007,0.896,0.888,0.802,0.2812217194570134,-0.0870252773165702,0.9957396984100342,0.0026283264160156,1.6416295766830444,1.64425790309906,0.141,0.661,0.896,0.8785,0
1,c10_23->c10_67,A_only,c10_23,c10_67,ewc_dr,./checkpoints/resident_bank_c10_seed1/01_c10_23.pt,0.2093805217998312,0.7906194782001688,0.31550000000000006,0.04150000000000009,0.27399999999999997,0.0050000000000000044,0.9555,0.9505,0.802,0.3163650075414781,0.0230317525565624,0.1264354735612869,0.0023562908172607,1.6416295766830444,1.6439858675003052,0.3155,0.4865,0.9555,0.9535,0
1,c10_23->c10_67,A_only,c10_23,c10_67,derpp,./checkpoints/resident_bank_c10_seed1/01_c10_23.pt,0.2093805217998312,0.7906194782001688,0.31550000000000006,0.09100000000000008,0.22449999999999998,-0.010499999999999954,0.9555,0.966,0.802,0.3163650075414781,0.0230317525565624,0.1264354735612869,0.0023562908172607,1.6416295766830444,1.6439858675003052,0.3155,0.4865,0.9555,0.9535,0
1,c10_23->c10_89,A_only,c10_23,c10_89,ewc_dr,./checkpoints/resident_bank_c10_seed1/01_c10_23.pt,0.2908042725159317,0.7091957274840682,0.249,0.031500000000000083,0.21749999999999992,0.006500000000000061,0.9485,0.942,0.802,0.2538461538461538,0.0591263473033905,0.1315301209688186,0.0019887685775756,1.6416295766830444,1.64361834526062,0.249,0.553,0.9485,0.8995,0
1,c10_23->c10_89,A_only,c10_23,c10_89,derpp,./checkpoints/resident_bank_c10_seed1/01_c10_23.pt,0.2908042725159317,0.7091957274840682,0.249,0.07300000000000006,0.17599999999999993,-0.0004999999999999449,0.9485,0.949,0.802,0.2538461538461538,0.0591263473033905,0.1315301209688186,0.0019887685775756,1.6416295766830444,1.64361834526062,0.249,0.553,0.9485,0.8995,0
1,c10_45->c10_01,A_only,c10_45,c10_01,ewc_dr,./checkpoints/resident_bank_c10_seed1/02_c10_45.pt,0.3179009898858653,0.6820990101141347,0.2865,0.04999999999999993,0.23650000000000004,0.0020000000000000018,0.956,0.954,0.8785,0.2343137254901961,0.1280654668807983,0.0613494291901588,0.002909779548645,1.3613836765289309,1.3642934560775757,0.2865,0.592,0.956,0.933,0
1,c10_45->c10_01,A_only,c10_45,c10_01,derpp,./checkpoints/resident_bank_c10_seed1/02_c10_45.pt,0.3179009898858653,0.6820990101141347,0.2865,0.0744999999999999,0.21200000000000008,0.0030000000000000027,0.956,0.953,0.8785,0.2343137254901961,0.1280654668807983,0.0613494291901588,0.002909779548645,1.3613836765289309,1.3642934560775757,0.2865,0.592,0.956,0.933,0
1,c10_45->c10_23,A_only,c10_45,c10_23,ewc_dr,./checkpoints/resident_bank_c10_seed1/02_c10_45.pt,0.188549194476676,0.8114508055233239,0.17599999999999993,0.051999999999999935,0.124,-0.02200000000000002,0.823,0.845,0.8785,0.3280542986425339,-0.069976270198822,0.7871010899543762,0.0024900436401367,1.3613836765289309,1.3638737201690674,0.1759999999999999,0.7025,0.823,0.802,0
1,c10_45->c10_23,A_only,c10_45,c10_23,derpp,./checkpoints/resident_bank_c10_seed1/02_c10_45.pt,0.188549194476676,0.8114508055233239,0.17599999999999993,0.08649999999999991,0.08950000000000002,-0.020500000000000074,0.823,0.8435,0.8785,0.3280542986425339,-0.069976270198822,0.7871010899543762,0.0024900436401367,1.3613836765289309,1.3638737201690674,0.1759999999999999,0.7025,0.823,0.802,0
1,c10_45->c10_67,A_only,c10_45,c10_67,ewc_dr,./checkpoints/resident_bank_c10_seed1/02_c10_45.pt,0.234060446400132,0.765939553599868,0.23299999999999998,0.019499999999999962,0.21350000000000002,0.009000000000000008,0.956,0.947,0.8785,0.2889140271493212,0.0398068204522132,0.0699132159352302,0.0026746988296508,1.3613836765289309,1.3640583753585815,0.2329999999999999,0.6455,0.956,0.9535,0
1,c10_45->c10_67,A_only,c10_45,c10_67,derpp,./checkpoints/resident_bank_c10_seed1/02_c10_45.pt,0.234060446400132,0.765939553599868,0.23299999999999998,0.0754999999999999,0.15750000000000008,-0.010000000000000009,0.956,0.966,0.8785,0.2889140271493212,0.0398068204522132,0.0699132159352302,0.0026746988296508,1.3613836765289309,1.3640583753585815,0.2329999999999999,0.6455,0.956,0.9535,0
1,c10_45->c10_89,A_only,c10_45,c10_89,ewc_dr,./checkpoints/resident_bank_c10_seed1/02_c10_45.pt,0.3267476641630817,0.6732523358369182,0.3504999999999999,0.0694999999999999,0.281,0.021499999999999964,0.955,0.9335,0.8785,0.2306184012066365,-0.0413422808051109,0.0563121624290943,0.0016132593154907,1.3613836765289309,1.3629969358444214,0.3504999999999999,0.528,0.955,0.8995,0
1,c10_45->c10_89,A_only,c10_45,c10_89,derpp,./checkpoints/resident_bank_c10_seed1/02_c10_45.pt,0.3267476641630817,0.6732523358369182,0.3504999999999999,0.16199999999999992,0.1885,0.0050000000000000044,0.955,0.95,0.8785,0.2306184012066365,-0.0413422808051109,0.0563121624290943,0.0016132593154907,1.3613836765289309,1.3629969358444214,0.3504999999999999,0.528,0.955,0.8995,0
1,c10_67->c10_01,A_only,c10_67,c10_01,ewc_dr,./checkpoints/resident_bank_c10_seed1/03_c10_67.pt,0.2520956615483412,0.7479043384516588,0.257,0.023499999999999965,0.23350000000000004,0.0040000000000000036,0.953,0.949,0.9535,0.2851432880844646,-0.0098398858681321,0.5837677717208862,0.0028194785118103,0.5770556926727295,0.5798751711845398,0.257,0.6965,0.953,0.933,0
1,c10_67->c10_01,A_only,c10_67,c10_01,derpp,./checkpoints/resident_bank_c10_seed1/03_c10_67.pt,0.2520956615483412,0.7479043384516588,0.257,0.16900000000000004,0.08799999999999997,0.0,0.953,0.953,0.9535,0.2851432880844646,-0.0098398858681321,0.5837677717208862,0.0028194785118103,0.5770556926727295,0.5798751711845398,0.257,0.6965,0.953,0.933,0
1,c10_67->c10_23,A_only,c10_67,c10_23,ewc_dr,./checkpoints/resident_bank_c10_seed1/03_c10_67.pt,0.1027803705864364,0.8972196294135636,0.4295,0.02400000000000002,0.40549999999999997,0.007499999999999951,0.818,0.8105,0.9535,0.4062594268476622,-0.3035106062889099,0.2227402776479721,0.0055696964263916,0.5770556926727295,0.5826253890991211,0.4295,0.524,0.818,0.802,0
1,c10_67->c10_23,A_only,c10_67,c10_23,derpp,./checkpoints/resident_bank_c10_seed1/03_c10_67.pt,0.1027803705864364,0.8972196294135636,0.4295,0.0595,0.37,-0.017000000000000015,0.818,0.835,0.9535,0.4062594268476622,-0.3035106062889099,0.2227402776479721,0.0055696964263916,0.5770556926727295,0.5826253890991211,0.4295,0.524,0.818,0.802,0
1,c10_67->c10_45,A_only,c10_67,c10_45,ewc_dr,./checkpoints/resident_bank_c10_seed1/03_c10_67.pt,0.1812777013847156,0.8187222986152843,0.366,0.02749999999999997,0.3385,0.01650000000000007,0.903,0.8865,0.9535,0.3361236802413273,-0.1147577241063118,0.9770075678825378,0.0205975770950317,0.5770556926727295,0.5976532697677612,0.366,0.5875,0.903,0.8785,0
1,c10_67->c10_45,A_only,c10_67,c10_45,derpp,./checkpoints/resident_bank_c10_seed1/03_c10_67.pt,0.1812777013847156,0.8187222986152843,0.366,0.09650000000000003,0.26949999999999996,0.0010000000000000009,0.903,0.902,0.9535,0.3361236802413273,-0.1147577241063118,0.9770075678825378,0.0205975770950317,0.5770556926727295,0.5976532697677612,0.366,0.5875,0.903,0.8785,0
1,c10_67->c10_89,A_only,c10_67,c10_89,ewc_dr,./checkpoints/resident_bank_c10_seed1/03_c10_67.pt,0.2366165758827351,0.7633834241172649,0.38650000000000007,0.040000000000000036,0.34650000000000003,0.04349999999999998,0.9465,0.903,0.9535,0.2931372549019608,0.0547990649938583,0.5032104849815369,0.0086590647697448,0.5770556926727295,0.5857147574424744,0.3865,0.567,0.9465,0.8995,0
1,c10_67->c10_89,A_only,c10_67,c10_89,derpp,./checkpoints/resident_bank_c10_seed1/03_c10_67.pt,0.2366165758827351,0.7633834241172649,0.38650000000000007,0.07800000000000007,0.3085,0.008000000000000007,0.9465,0.9385,0.9535,0.2931372549019608,0.0547990649938583,0.5032104849815369,0.0086590647697448,0.5770556926727295,0.5857147574424744,0.3865,0.567,0.9465,0.8995,0
1,c10_89->c10_01,A_only,c10_89,c10_01,ewc_dr,./checkpoints/resident_bank_c10_seed1/04_c10_89.pt,0.3779153486633401,0.6220846513366599,0.11699999999999999,-0.0030000000000000027,0.12,0.01200000000000001,0.9605,0.9485,0.8995,0.1874811463046757,-0.1691274940967559,0.9926062226295472,0.0216758251190185,0.9890291690826416,1.0107049942016602,0.1169999999999999,0.7825,0.9605,0.933,0
1,c10_89->c10_01,A_only,c10_89,c10_01,derpp,./checkpoints/resident_bank_c10_seed1/04_c10_89.pt,0.3779153486633401,0.6220846513366599,0.11699999999999999,0.02200000000000002,0.09499999999999997,0.007000000000000006,0.9605,0.9535,0.8995,0.1874811463046757,-0.1691274940967559,0.9926062226295472,0.0216758251190185,0.9890291690826416,1.0107049942016602,0.1169999999999999,0.7825,0.9605,0.933,0
1,c10_89->c10_23,A_only,c10_89,c10_23,ewc_dr,./checkpoints/resident_bank_c10_seed1/04_c10_89.pt,0.1413589802029859,0.858641019797014,0.2889999999999999,-0.007000000000000006,0.29599999999999993,0.0030000000000000027,0.8325,0.8295,0.8995,0.3672699849170437,-0.307576447725296,0.9976765513420104,0.018710970878601,0.9890291690826416,1.007740139961243,0.2889999999999999,0.6105,0.8325,0.802,0
1,c10_89->c10_23,A_only,c10_89,c10_23,derpp,./checkpoints/resident_bank_c10_seed1/04_c10_89.pt,0.1413589802029859,0.858641019797014,0.2889999999999999,0.007000000000000006,0.2819999999999999,-0.01649999999999996,0.8325,0.849,0.8995,0.3672699849170437,-0.307576447725296,0.9976765513420104,0.018710970878601,0.9890291690826416,1.007740139961243,0.2889999999999999,0.6105,0.8325,0.802,0
1,c10_89->c10_45,A_only,c10_89,c10_45,ewc_dr,./checkpoints/resident_bank_c10_seed1/04_c10_89.pt,0.1682027969329342,0.8317972030670657,0.23199999999999998,0.024499999999999966,0.20750000000000002,-0.0010000000000000009,0.887,0.888,0.8995,0.3402714932126697,-0.0516392029821872,0.1366501748561859,0.0132819414138793,0.9890291690826416,1.002311110496521,0.2319999999999999,0.6675,0.887,0.8785,0
1,c10_89->c10_45,A_only,c10_89,c10_45,derpp,./checkpoints/resident_bank_c10_seed1/04_c10_89.pt,0.1682027969329342,0.8317972030670657,0.23199999999999998,0.11649999999999994,0.11550000000000005,-0.010000000000000009,0.887,0.897,0.8995,0.3402714932126697,-0.0516392029821872,0.1366501748561859,0.0132819414138793,0.9890291690826416,1.002311110496521,0.2319999999999999,0.6675,0.887,0.8785,0
1,c10_89->c10_67,A_only,c10_89,c10_67,ewc_dr,./checkpoints/resident_bank_c10_seed1/04_c10_89.pt,0.2239431313559672,0.7760568686440328,0.24849999999999994,0.03199999999999992,0.21650000000000003,-0.0020000000000000018,0.954,0.956,0.8995,0.3049019607843137,-0.0138954790309071,0.877871572971344,0.0235979557037353,0.9890291690826416,1.012627124786377,0.2484999999999999,0.651,0.954,0.9535,0
1,c10_89->c10_67,A_only,c10_89,c10_67,derpp,./checkpoints/resident_bank_c10_seed1/04_c10_89.pt,0.2239431313559672,0.7760568686440328,0.24849999999999994,0.11549999999999994,0.133,-0.0030000000000000027,0.954,0.957,0.8995,0.3049019607843137,-0.0138954790309071,0.877871572971344,0.0235979557037353,0.9890291690826416,1.012627124786377,0.2484999999999999,0.651,0.954,0.9535,0
